worker_node,partition_id,images_processed,processing_time,diseases_processed,avg_quality_score
spark-worker-3,2,2000,12.754714012145996,8,0.20020955310830965
spark-worker-2,1,2000,12.779329061508179,8,0.20088765242762582
spark-worker-1,0,2000,12.821926832199097,8,0.20078612062472542
spark-worker-4,3,2000,12.826876163482666,8,0.2002965490567783
