worker_node,partition_id,images_processed,processing_time,diseases_processed,avg_quality_score
spark-worker-2,1,2000,21.27020812034607,8,0.22970340055933627
spark-worker-3,2,2000,21.566722869873047,8,0.22902722940698295
spark-worker-1,0,2000,21.654595375061035,8,0.22903094613695912
spark-worker-4,3,2000,21.686837434768677,8,0.22847872049129478
