{
  "brightness": 0.15206238653780507,
  "contrast": 0.15950132021211808,
  "texture_complexity": 0.5363739067122714,
  "mean_intensity": 0.15206238653780552
}