{
  "brightness": 0.14614880057414334,
  "contrast": 0.15551833745596494,
  "texture_complexity": 0.5521840613957487,
  "mean_intensity": 0.146148800574143
}